<?xml version="1.0" encoding="UTF-8"?>
<project-private xmlns="http://www.netbeans.org/ns/project-private/1">
    <editor-bookmarks xmlns="http://www.netbeans.org/ns/editor-bookmarks/2" lastBookmarkId="0"/>
    <open-files xmlns="http://www.netbeans.org/ns/projectui-open-files/2">
        <group>
            <file>file:/C:/Users/KakaPatria/OneDrive/Documents/GitHub/ProjectNotFound/project%20not%20found/src/Barcode/main.java</file>
            <file>file:/C:/Users/KakaPatria/OneDrive/Documents/GitHub/ProjectNotFound/project%20not%20found/src/base/Data_Pengguna.java</file>
            <file>file:/C:/Users/KakaPatria/OneDrive/Documents/GitHub/ProjectNotFound/project%20not%20found/src/base/Input_Suplier.java</file>
            <file>file:/C:/Users/KakaPatria/OneDrive/Documents/GitHub/ProjectNotFound/project%20not%20found/src/base/menu_utama.java</file>
            <file>file:/C:/Users/KakaPatria/OneDrive/Documents/GitHub/ProjectNotFound/project%20not%20found/src/Barcode/KA001.png</file>
            <file>file:/C:/Users/KakaPatria/OneDrive/Documents/GitHub/ProjectNotFound/project%20not%20found/src/base/FrameLogin.java</file>
            <file>file:/C:/Users/KakaPatria/OneDrive/Documents/GitHub/ProjectNotFound/project%20not%20found/src/base/Input_Barang.java</file>
            <file>file:/C:/Users/KakaPatria/OneDrive/Documents/GitHub/ProjectNotFound/project%20not%20found/src/base/menu_item.java</file>
            <file>file:/C:/Users/KakaPatria/OneDrive/Documents/GitHub/ProjectNotFound/project%20not%20found/src/koneksi/Koneksi.java</file>
            <file>file:/C:/Users/KakaPatria/OneDrive/Documents/GitHub/ProjectNotFound/project%20not%20found/src/base/Barang_Masuk.java</file>
            <file>file:/C:/Users/KakaPatria/OneDrive/Documents/GitHub/ProjectNotFound/project%20not%20found/src/base/Data_Barang.java</file>
            <file>file:/C:/Users/KakaPatria/OneDrive/Documents/GitHub/ProjectNotFound/project%20not%20found/src/base/Pembelian.java</file>
            <file>file:/C:/Users/KakaPatria/OneDrive/Documents/GitHub/ProjectNotFound/project%20not%20found/src/base/Data_Suplier.java</file>
            <file>file:/C:/Users/KakaPatria/OneDrive/Documents/GitHub/ProjectNotFound/project%20not%20found/src/base/Input_Pengguna.java</file>
        </group>
    </open-files>
</project-private>
